{"cameraMode":{"drawMode":0,"name":"Shaded","section":"Shading Mode"},"sceneLighting":false,"audioPlay":false,"sceneViewState":{"showFog":true,"showMaterialUpdate":false,"showSkybox":false,"showFlares":true,"showImageEffects":true,"showParticleSystems":true},"in2DMode":false,"pivot":{"x":4.384499549865723,"y":-6.924147129058838,"z":6.789822101593018},"rotation":{"x":-0.32617565989494326,"y":-0.3552634119987488,"z":0.13385100662708283,"w":-0.8657468557357788},"size":20.784116744995118,"orthographic":false}