{"cameraMode":{"drawMode":0,"name":"Shaded","section":"Shading Mode"},"sceneLighting":false,"audioPlay":false,"sceneViewState":{"showFog":true,"showMaterialUpdate":false,"showSkybox":false,"showFlares":true,"showImageEffects":true,"showParticleSystems":true},"in2DMode":false,"pivot":{"x":5.849151611328125,"y":0.45907965302467348,"z":0.0},"rotation":{"x":0.2089979499578476,"y":0.10599159449338913,"z":-0.0228037778288126,"w":0.9719259142875671},"size":22.828550338745118,"orthographic":false}