{"cameraMode":{"drawMode":0,"name":"Shaded","section":"Shading Mode"},"sceneLighting":false,"audioPlay":false,"sceneViewState":{"showFog":true,"showMaterialUpdate":false,"showSkybox":false,"showFlares":true,"showImageEffects":true,"showParticleSystems":true},"in2DMode":false,"pivot":{"x":2.7591514587402345,"y":0.45907965302467348,"z":0.0},"rotation":{"x":0.07374287396669388,"y":-0.011340617202222348,"z":0.0008589384378865361,"w":0.9972702860832214},"size":22.828550338745118,"orthographic":false}