{"cameraMode":{"drawMode":0,"name":"Shaded","section":"Shading Mode"},"sceneLighting":false,"audioPlay":false,"sceneViewState":{"showFog":true,"showMaterialUpdate":false,"showSkybox":false,"showFlares":true,"showImageEffects":true,"showParticleSystems":true},"in2DMode":false,"pivot":{"x":14.141977310180664,"y":-3.671116828918457,"z":13.048770904541016},"rotation":{"x":-0.15584218502044679,"y":-0.6666297912597656,"z":0.14544124901294709,"w":-0.7142834663391113},"size":32.431976318359378,"orthographic":false}