{"cameraMode":{"drawMode":0,"name":"Shaded","section":"Shading Mode"},"sceneLighting":false,"audioPlay":false,"sceneViewState":{"showFog":true,"showMaterialUpdate":false,"showSkybox":false,"showFlares":true,"showImageEffects":true,"showParticleSystems":true},"in2DMode":false,"pivot":{"x":732.5151977539063,"y":350.90667724609377,"z":265.1241455078125},"rotation":{"x":0.15759943425655366,"y":-0.17466159164905549,"z":0.028342269361019136,"w":0.9715801477432251},"size":12.984646797180176,"orthographic":false}